bio,followers,name
" Windsor, Ontario ",458,Mency Beatz
" Bridgeport, Connecticut, United States of America ",4.8k,Prodbyed 
" Hamburg, Germany ",72.2k,Buckroll
  ,3.3k,KADDY
 Welcome to our music family. ,324.5k,Anywaywell
" Malmo, Skåne län, Sweden ",69.1k,JpBeatz
 Norway ,29.1k,JustDan
 hardest beats in da game. ,53.7k,Rob EVN
 South Africa  ,4.5k,Dae Wylder
 Austin Texas ,14.2k,Young Swisher Beats
  ,5.6k,Dan Darmawan
  ,6.5k,B@$h
" Reading, England, United Kingdom ",267,prodbysylvester
" Veghel, Noord-Brabant, Nederland ",526,SAYONARA
 BLUES ,39.9k,BLACK LIONS BEATZ
 777 WRLD ,29.5k,DXOR
" Toronto, Ontario, Canada ",15,MSRY
 Germany ,266.3k,waytoolost
 Poland ,10.4k,PapaPedro
 Aotearoa ,30.6k,Kane Beats
" Киев, Київ, Украина ",13.7k,Danny Beats
  ,53.3k,Blanq Beatz
" Helsinki, Finland ",119.1k,BigBadBeats
 Global ,360,BEATS MAFIA
 Munich ,119k,Young Taylor
 Florida ,694,Desirez
" Santiago de Chile, Región Metropolitana de Santiago, Chile ",8.3k,Dagger Beats
 United kingdom ,113.8k,Skeyez
" Los Angeles, California ",54k,Ryini Beats
" Los Angeles, California, Vereinigte Staaten von Amerika ",15.4k,Rxkz
" Melbourne, Victoria, Australia ",9.1k,F8ENTERTAINMENT
