JobTitle,Company,Location,PostDate,Summury,Salary,JobUrl
Co-op Software Development Engineer- 2023 (US),http://www.indeed.com/rc/clk?jk=4dedded7ed5b499c&fccid=fe2d21eef233e94a&vjs=3,Amazon.com Services LLC,"Seattle, WA","
Our co-op students write real software and collaborate with a select group of experienced software development engineers (SDEs) who guide co-op students on…
",PostedToday,
Entry-Level Software Engineering Rotational Program - Remote,http://www.indeed.com/rc/clk?jk=2de1e687510cf68f&fccid=116680a29a847a70&vjs=3,General Motors,Remote,"
Software Engineers utilize codes, algorithms, embedded systems, and architect software to optimize controller resources and throughput.
",PostedPosted 6 days ago,
2023 University Graduate - Software Development Engineer 1,http://www.indeed.com/rc/clk?jk=828913ddd7260987&fccid=f89deb5a97c7738a&vjs=3,Adobe,"San Francisco, CA","
Adobe is seeking talented and passionate Software Engineer across all organizations to help plan, design, develop, and test software systems or applications for…
",PostedToday,N/A
2023 Associate Software Engineer/ Software Engineer,http://www.indeed.com/rc/clk?jk=1ad308335482d892&fccid=11619ce0d3c2c733&vjs=3,Northrop Grumman,"San Diego, CA","
Ensures software standards are met.
Conducts multidisciplinary research and collaborates with equipment designers and/or hardware engineers in the planning,…
",PostedPosted 2 days ago,
Junior Software Engineer,http://www.indeed.com/rc/clk?jk=8209b4126fb5e4a2&fccid=5721f60ba0803c7d&vjs=3,Ameren,Remote,"
This position develops a familiarity with all aspects of software design and coding while working with more experienced/senior software developers and:
",PostedPosted 1 day ago,N/A
"Software Engineer, University Graduate (Lark)- 2023 Start (BS/MS)",http://www.indeed.com/rc/clk?jk=120ce95d6eaf2c45&fccid=74fbc768a4e5bece&vjs=3,ByteDance,"Mountain View, CA","
Demonstrated software engineering experience from previous internship, work experience, coding competitions, or publications.
",PostedPosted 1 day ago,N/A
Software Engineer - Early in Career,http://www.indeed.com/rc/clk?jk=892171d1689c5bed&fccid=aef928e89977f7f0&vjs=3,Splunk,"San Francisco, CA 94107 (South Of Market area)","
You will get to work with smart and hardworking individuals who are doing state of the art development work (native mobile, web front-end and back-end, DevOps)…
",PostedPosted 1 day ago,
Software Engineer,http://www.indeed.com/rc/clk?jk=01209dd3be4184f2&fccid=978d9fd9799d55a8&vjs=3,PayPal,"Remote in Washington, DC","
In this spirit, your day-to-day responsibilities as an JavaScript Software Developer will essentially consist of JavaScript SDK development by converting ideas,…
",PostedPosted 2 days ago,N/A
Entry Level Software Developer,http://www.indeed.com/company/Catalyte/jobs/Entry-Level-Software-Developer-a9ae94f8fc2ca954?fccid=6d26f2d6e7999c76&vjs=3,Catalyte,"Baltimore, MD","
Fast track your entry into the software development industry with Catalyte.*.
You'll receive mentorship, coaching and ongoing support throughout your Catalyte…
",Hiring ongoing,
Intermediate Software Engineer,http://www.indeed.com/rc/clk?jk=e37e9740f26cad00&fccid=2c62e4de04b8f952&vjs=3,Nike,"Remote in San Francisco, CA 94108","
2+ years software development experience in Web technologies such as Java, Python, Node.js or similar.
This role will partner with senior engineers, leads and…
",PostedPosted 1 day ago,
Software Engineer (Back End),http://www.indeed.com/rc/clk?jk=eecfb5b27a63d22f&fccid=b0157d60f7e532f6&vjs=3,REI,"Remote in Seattle, WA","
Resolves production support problems in accordance with problem management policies and procedures.
Resolves production support incidents in accordance with…
",PostedPosted 7 days ago,
"Software Engineer, Information Security",http://www.indeed.com/rc/clk?jk=833d20fe65f5bd6e&fccid=43014b1412e0a7b6&vjs=3,Pinterest,Remote,"
3+ years of software development experience.
We’re looking for an experienced software engineer who will help us build strong, internal access controls for our…
",PostedToday,
Jr. Software Dev Engineer,http://www.indeed.com/rc/clk?jk=5d2a79ea79af2cb7&fccid=fe2d21eef233e94a&vjs=3,Amazon.com Services LLC,"Detroit, MI","
We require our full-time software developers to be able and willing to mentor exceptionally capable young developers.
Ability to work min 16 hours week.
",PostedPosted 30+ days ago,N/A
"SOFTWARE ENGINEER, CASINO HUB",http://www.indeed.com/rc/clk?jk=a3ba8e792e81645a&fccid=2b2d6f212948082d&vjs=3,DraftKings,"Sofia, NM","
You will be working across teams, informing business decisions, and helping to expand our enterprise software platform.
Expertise with NodeJS and JavaScript.
",PostedPosted 7 days ago,N/A
Software Engineer I/II,http://www.indeed.com/rc/clk?jk=e08d60cd961619f7&fccid=734cb5a01ee60f80&vjs=3,Microsoft,"Redmond, WA 98052 (Overlake area)","
You will have opportunities to work on multiple layers of the technology stack, ranging from customer-focused user experience work, building scalable…
",PostedPosted 11 days ago,N/A
