name,rating,reviews,price
Pedrino Sherry & Tonic Spritz,no rating,(11 Reviews),£1.25
Pedrino Ruby & Tonic Spritz,no rating,no reviews,£1.25
Pedrino Vermouth & Tonic Spritz,no rating,no reviews,£1.25
Drambuie Whisky Liqueur Miniature,no rating,(1 Review),£1.95
Krupnik Polish Honey Liqueur Miniature,no rating,no reviews,£2.45
"Black Tot Finest Caribbean Rum
Miniature",no rating,no reviews,£4.75
Glendronach 12 Year Old Original Miniature,no rating,(1 Review),£4.95
Combier Creme de Cassis,no rating,no reviews,£9.95
Mozart White Chocolate Cream Strawberry Liqueur,no rating,(3 Reviews),£13.75
"Cragganmore 12 Year Old
Small Bottle",no rating,(2 Reviews),£14.95
Campari,no rating,(5 Reviews),£17.45
Edradour Cream Liqueur,no rating,(52 Reviews),£14.95
"Clynelish 14 Year Old
Small Bottle",no rating,(5 Reviews),£14.95
Feudi di San Gregorio Visione Rose 2021,no rating,no reviews,£16.95
"Glenfiddich 15 Year Old
Small Bottle",no rating,(8 Reviews),£12.95
"Aperol
Litre",no rating,no reviews,£17.95
RumChata Cream Liqueur with Rum,no rating,(14 Reviews),£17.45
"Sipsmith FreeGlider
Non-Alcoholic Spirit",no rating,no reviews,£22.45
Luc Belaire Rare Luxe,no rating,no reviews,no price
Bombay Citron Presse Gin,no rating,no reviews,£24.25
Akashi-Tai Honjozo Genshu Tokubetsu Goyakumangoku,no rating,no reviews,£22.75
Vestal 2015 Vintage Vodka,no rating,no reviews,£16.95
"Havana Club 7 Year Old Rum
Anejo",no rating,(91 Reviews),£22.45
Black Cow Vodka,no rating,(4 Reviews),£26.75
Ketel One Citroen Vodka,no rating,(1 Review),£22.95
Akashi-Tai Junmai Tokubetsu Yamadanishiki,no rating,no reviews,£26.95
Amaro Santoni,no rating,(6 Reviews),£23.95
The Salford Dark Spiced Rum,no rating,(2 Reviews),£26.95
Diablesse Coconut & Hibiscus Rum,no rating,no reviews,£25.75
"Drambuie 15 Year Old Liqueur
Half Litre",no rating,(9 Reviews),£26.95
"Delamain Pale & Dry Cognac Tasting Set
4x3cl",no rating,no reviews,£24.95
Speyburn 10 Year Old,no rating,(51 Reviews),£30.45
Reyka Vodka,no rating,(9 Reviews),£25.95
Jura 10 Year Old,no rating,(22 Reviews),£30.95
Glenmorangie X,no rating,no reviews,£30.95
AnCnoc 12 Year Old,no rating,(34 Reviews),£31.45
"Tomatin Legacy
Bourbon & Virgin Oak",no rating,(9 Reviews),£31.45
"The Real McCoy 3 Year Old White Rum
Bourbon Barrels",no rating,no reviews,£26.75
"Finlaggan Original
Peaty",no rating,(8 Reviews),£31.95
Height of Arrows Gin,no rating,(5 Reviews),£28.95
Old Pulteney 12 Year Old,no rating,(132 Reviews),£32.45
"Gordon's Yellow Label London Dry Gin
Litre",no rating,(5 Reviews),£32.75
John Crabbie 12 Year Old,no rating,no reviews,£32.75
Tomintoul Peaty Tang,no rating,(8 Reviews),£32.95
Stronachie 10 Year Old,no rating,(18 Reviews),£32.95
"Cask Islay
Small Batch",no rating,(16 Reviews),£32.95
Tamnavulin Double Cask,no rating,(65 Reviews),£32.95
Arran Robert Burns Single Malt,no rating,(11 Reviews),£33.25
Glen Grant 10 Year Old,no rating,(31 Reviews),£33.45
Tomintoul 10 Year Old,no rating,(10 Reviews),£33.45
"Highland Park 12 Year Old
Viking Honour",no rating,(173 Reviews),£33.45
Laphroaig Select,no rating,(103 Reviews),£33.45
Tamnavulin Sherry Edition,no rating,(5 Reviews),£33.75
Tamnavulin French Cabernet Sauvignon Cask,no rating,no reviews,£33.75
Tamnavulin German Pinot Noir Cask,no rating,no reviews,£33.75
Glenlivet Founder's Reserve,no rating,(153 Reviews),£33.95
Glenallachie Distillery Edition,no rating,(5 Reviews),£33.95
Arran Barrel Reserve,no rating,(1 Review),£33.95
Tomintoul Seiridh,no rating,(1 Review),£34.45
"Ledaig Rioja Cask Finish
Sinclair Series",no rating,(10 Reviews),£34.45
